<log4j:event logger="" level="ERROR" timestamp="1490472317262" thread="239"><log4j:message>###  Vse.AdminkaV1.UserContextException -    
UserContextException specific:   
   **Code**: USER   
```   
   at Vse.AdminkaV1.DataAccessEfCore.Services.TraceService.&lt;&gt;c.&lt;GetTrace&gt;b__2_0(AdminkaDbContext dbContext)  
   at Vse.AdminkaV1.DataAccessEfCore.AdminkaDbContextHandler.Handle[TOutput](Func`2 func)  
   at Vse.AdminkaV1.DataAccessEfCore.Services.TraceService.GetTrace(Guid correlationToken)  
   at Vse.AdminkaV1.Wcf.TraceService.&lt;&gt;c__DisplayClass0_0.&lt;GetTrace&gt;b__0(RoutineState`1 container, DataAccessFactory dataAccess) in D:\cot\Vse\AdminkaV1\Wcf\TraceService.cs:line 20  
   at Vse.AdminkaV1.Injected.AdminkaRoutine.&lt;&gt;c__DisplayClass15_0`1.&lt;Handle&gt;b__0(RoutineState`1 state) in D:\cot\Vse\AdminkaV1\Injected\AdminkaRoutine.cs:line 225  
   at Vse.Routines.Injected.Routine`1.&lt;&gt;c__DisplayClass6_0`1.&lt;Handle&gt;b__0()  
   at Vse.Routines.Injected.ExceptionHandler.Handle(Action action, Action onFailure)   
```   
</log4j:message><log4j:locationInfo class="Vse.AdminkaV1.Injected.Logging.NLogLoggingAdapter" method="Void LogException(System.DateTime, System.Exception)" /><nlog:eventSequenceNumber>11</nlog:eventSequenceNumber><nlog:locationInfo assembly="AdminkaV1.Injected.NETFramework, Version=1.0.0.0, Culture=neutral, PublicKeyToken=null" /><nlog:properties><nlog:data name="CorrelationToken" value="dcbc3dd9-ab1c-4817-8ed3-96a9b4d81829" /><nlog:data name="Namespace" value="Vse.AdminkaV1.Wcf" /><nlog:data name="Class" value="TraceService" /><nlog:data name="Member" value="GetTrace" /><nlog:data name="Title" value="TraceService.GetTrace; Vse.AdminkaV1.Wcf; dcbc3dd9-ab1c-4817-8ed3-96a9b4d81829" /><nlog:data name="Description" value="Exception" /></nlog:properties><log4j:properties><log4j:data name="log4japp" value="false" /><log4j:data name="log4jmachinename" value="DESKTOP-RLA3VAF" /></log4j:properties></log4j:event>
<log4j:event logger="" level="INFO" timestamp="1490472317147" thread="239"><log4j:message>{"correlationToken":"74d9f791-ce1c-4670-af3b-20d6d48b6c59"}</log4j:message><log4j:locationInfo class="Vse.AdminkaV1.Injected.Logging.NLogLoggingAdapter" method="Void Input(System.DateTime, System.Object)" /><nlog:eventSequenceNumber>12</nlog:eventSequenceNumber><nlog:locationInfo assembly="AdminkaV1.Injected.NETFramework, Version=1.0.0.0, Culture=neutral, PublicKeyToken=null" /><nlog:properties><nlog:data name="CorrelationToken" value="dcbc3dd9-ab1c-4817-8ed3-96a9b4d81829" /><nlog:data name="Namespace" value="Vse.AdminkaV1.Wcf" /><nlog:data name="Class" value="TraceService" /><nlog:data name="Member" value="GetTrace" /><nlog:data name="Title" value="TraceService.GetTrace; Vse.AdminkaV1.Wcf; dcbc3dd9-ab1c-4817-8ed3-96a9b4d81829" /><nlog:data name="Description" value="Input" /></nlog:properties><log4j:properties><log4j:data name="log4japp" value="false" /><log4j:data name="log4jmachinename" value="DESKTOP-RLA3VAF" /></log4j:properties></log4j:event>
<log4j:event logger="" level="ERROR" timestamp="1490472947876" thread="234"><log4j:message>###  Vse.AdminkaV1.UserContextException -    
UserContextException specific:   
   **Code**: USER   
```   
   at Vse.AdminkaV1.DataAccessEfCore.Services.TraceService.&lt;&gt;c.&lt;GetTrace&gt;b__2_0(AdminkaDbContext dbContext)  
   at Vse.AdminkaV1.DataAccessEfCore.AdminkaDbContextHandler.Handle[TOutput](Func`2 func)  
   at Vse.AdminkaV1.DataAccessEfCore.Services.TraceService.GetTrace(Guid correlationToken)  
   at Vse.AdminkaV1.Wcf.TraceService.&lt;&gt;c__DisplayClass0_0.&lt;GetTrace&gt;b__0(RoutineState`1 container, DataAccessFactory dataAccess) in D:\cot\Vse\AdminkaV1\Wcf\TraceService.cs:line 20  
   at Vse.AdminkaV1.Injected.AdminkaRoutine.&lt;&gt;c__DisplayClass15_0`1.&lt;Handle&gt;b__0(RoutineState`1 state) in D:\cot\Vse\AdminkaV1\Injected\AdminkaRoutine.cs:line 225  
   at Vse.Routines.Injected.Routine`1.&lt;&gt;c__DisplayClass6_0`1.&lt;Handle&gt;b__0()  
   at Vse.Routines.Injected.ExceptionHandler.Handle(Action action, Action onFailure)   
```   
</log4j:message><log4j:locationInfo class="Vse.AdminkaV1.Injected.Logging.NLogLoggingAdapter" method="Void LogException(System.DateTime, System.Exception)" /><nlog:eventSequenceNumber>11</nlog:eventSequenceNumber><nlog:locationInfo assembly="AdminkaV1.Injected.NETFramework, Version=1.0.0.0, Culture=neutral, PublicKeyToken=null" /><nlog:properties><nlog:data name="CorrelationToken" value="bc2f79a7-5707-4a56-b056-bc58cc0ca90e" /><nlog:data name="Namespace" value="Vse.AdminkaV1.Wcf" /><nlog:data name="Class" value="TraceService" /><nlog:data name="Member" value="GetTrace" /><nlog:data name="Title" value="TraceService.GetTrace; Vse.AdminkaV1.Wcf; bc2f79a7-5707-4a56-b056-bc58cc0ca90e" /><nlog:data name="Description" value="Exception" /></nlog:properties><log4j:properties><log4j:data name="log4japp" value="false" /><log4j:data name="log4jmachinename" value="DESKTOP-RLA3VAF" /></log4j:properties></log4j:event>
<log4j:event logger="" level="INFO" timestamp="1490472947794" thread="234"><log4j:message>{"correlationToken":"9dc3ba14-d7f7-46bf-937a-68c6652d0142"}</log4j:message><log4j:locationInfo class="Vse.AdminkaV1.Injected.Logging.NLogLoggingAdapter" method="Void Input(System.DateTime, System.Object)" /><nlog:eventSequenceNumber>12</nlog:eventSequenceNumber><nlog:locationInfo assembly="AdminkaV1.Injected.NETFramework, Version=1.0.0.0, Culture=neutral, PublicKeyToken=null" /><nlog:properties><nlog:data name="CorrelationToken" value="bc2f79a7-5707-4a56-b056-bc58cc0ca90e" /><nlog:data name="Namespace" value="Vse.AdminkaV1.Wcf" /><nlog:data name="Class" value="TraceService" /><nlog:data name="Member" value="GetTrace" /><nlog:data name="Title" value="TraceService.GetTrace; Vse.AdminkaV1.Wcf; bc2f79a7-5707-4a56-b056-bc58cc0ca90e" /><nlog:data name="Description" value="Input" /></nlog:properties><log4j:properties><log4j:data name="log4japp" value="false" /><log4j:data name="log4jmachinename" value="DESKTOP-RLA3VAF" /></log4j:properties></log4j:event>
<log4j:event logger="" level="ERROR" timestamp="1490473579995" thread="234"><log4j:message>###  Vse.AdminkaV1.UserContextException -    
UserContextException specific:   
   **Code**: USER   
```   
   at Vse.AdminkaV1.DataAccessEfCore.Services.TraceService.&lt;&gt;c.&lt;GetTrace&gt;b__2_0(AdminkaDbContext dbContext)  
   at Vse.AdminkaV1.DataAccessEfCore.AdminkaDbContextHandler.Handle[TOutput](Func`2 func)  
   at Vse.AdminkaV1.DataAccessEfCore.Services.TraceService.GetTrace(Guid correlationToken)  
   at Vse.AdminkaV1.Wcf.TraceService.&lt;&gt;c__DisplayClass0_0.&lt;GetTrace&gt;b__0(RoutineState`1 container, DataAccessFactory dataAccess) in D:\cot\Vse\AdminkaV1\Wcf\TraceService.cs:line 20  
   at Vse.AdminkaV1.Injected.AdminkaRoutine.&lt;&gt;c__DisplayClass15_0`1.&lt;Handle&gt;b__0(RoutineState`1 state) in D:\cot\Vse\AdminkaV1\Injected\AdminkaRoutine.cs:line 225  
   at Vse.Routines.Injected.Routine`1.&lt;&gt;c__DisplayClass6_0`1.&lt;Handle&gt;b__0()  
   at Vse.Routines.Injected.ExceptionHandler.Handle(Action action, Action onFailure)   
```   
</log4j:message><log4j:locationInfo class="Vse.AdminkaV1.Injected.Logging.NLogLoggingAdapter" method="Void LogException(System.DateTime, System.Exception)" /><nlog:eventSequenceNumber>15</nlog:eventSequenceNumber><nlog:locationInfo assembly="AdminkaV1.Injected.NETFramework, Version=1.0.0.0, Culture=neutral, PublicKeyToken=null" /><nlog:properties><nlog:data name="CorrelationToken" value="fdd97a13-95c0-4cc4-b655-ce957558aa63" /><nlog:data name="Namespace" value="Vse.AdminkaV1.Wcf" /><nlog:data name="Class" value="TraceService" /><nlog:data name="Member" value="GetTrace" /><nlog:data name="Title" value="TraceService.GetTrace; Vse.AdminkaV1.Wcf; fdd97a13-95c0-4cc4-b655-ce957558aa63" /><nlog:data name="Description" value="Exception" /></nlog:properties><log4j:properties><log4j:data name="log4japp" value="false" /><log4j:data name="log4jmachinename" value="DESKTOP-RLA3VAF" /></log4j:properties></log4j:event>
<log4j:event logger="" level="INFO" timestamp="1490473579994" thread="234"><log4j:message>{"correlationToken":"b8452d48-a3da-44e1-b3cb-d7d823a8f411"}</log4j:message><log4j:locationInfo class="Vse.AdminkaV1.Injected.Logging.NLogLoggingAdapter" method="Void Input(System.DateTime, System.Object)" /><nlog:eventSequenceNumber>16</nlog:eventSequenceNumber><nlog:locationInfo assembly="AdminkaV1.Injected.NETFramework, Version=1.0.0.0, Culture=neutral, PublicKeyToken=null" /><nlog:properties><nlog:data name="CorrelationToken" value="fdd97a13-95c0-4cc4-b655-ce957558aa63" /><nlog:data name="Namespace" value="Vse.AdminkaV1.Wcf" /><nlog:data name="Class" value="TraceService" /><nlog:data name="Member" value="GetTrace" /><nlog:data name="Title" value="TraceService.GetTrace; Vse.AdminkaV1.Wcf; fdd97a13-95c0-4cc4-b655-ce957558aa63" /><nlog:data name="Description" value="Input" /></nlog:properties><log4j:properties><log4j:data name="log4japp" value="false" /><log4j:data name="log4jmachinename" value="DESKTOP-RLA3VAF" /></log4j:properties></log4j:event>
<log4j:event logger="" level="ERROR" timestamp="1490473608463" thread="234"><log4j:message>###  Vse.AdminkaV1.UserContextException -    
UserContextException specific:   
   **Code**: USER   
```   
   at Vse.AdminkaV1.DataAccessEfCore.Services.TraceService.&lt;&gt;c.&lt;GetTrace&gt;b__2_0(AdminkaDbContext dbContext)  
   at Vse.AdminkaV1.DataAccessEfCore.AdminkaDbContextHandler.Handle[TOutput](Func`2 func)  
   at Vse.AdminkaV1.DataAccessEfCore.Services.TraceService.GetTrace(Guid correlationToken)  
   at Vse.AdminkaV1.Wcf.TraceService.&lt;&gt;c__DisplayClass0_0.&lt;GetTrace&gt;b__0(RoutineState`1 container, DataAccessFactory dataAccess) in D:\cot\Vse\AdminkaV1\Wcf\TraceService.cs:line 20  
   at Vse.AdminkaV1.Injected.AdminkaRoutine.&lt;&gt;c__DisplayClass15_0`1.&lt;Handle&gt;b__0(RoutineState`1 state) in D:\cot\Vse\AdminkaV1\Injected\AdminkaRoutine.cs:line 225  
   at Vse.Routines.Injected.Routine`1.&lt;&gt;c__DisplayClass6_0`1.&lt;Handle&gt;b__0()  
   at Vse.Routines.Injected.ExceptionHandler.Handle(Action action, Action onFailure)   
```   
</log4j:message><log4j:locationInfo class="Vse.AdminkaV1.Injected.Logging.NLogLoggingAdapter" method="Void LogException(System.DateTime, System.Exception)" /><nlog:eventSequenceNumber>19</nlog:eventSequenceNumber><nlog:locationInfo assembly="AdminkaV1.Injected.NETFramework, Version=1.0.0.0, Culture=neutral, PublicKeyToken=null" /><nlog:properties><nlog:data name="CorrelationToken" value="0aa58437-a67a-4587-a123-b0554acf0a7d" /><nlog:data name="Namespace" value="Vse.AdminkaV1.Wcf" /><nlog:data name="Class" value="TraceService" /><nlog:data name="Member" value="GetTrace" /><nlog:data name="Title" value="TraceService.GetTrace; Vse.AdminkaV1.Wcf; 0aa58437-a67a-4587-a123-b0554acf0a7d" /><nlog:data name="Description" value="Exception" /></nlog:properties><log4j:properties><log4j:data name="log4japp" value="false" /><log4j:data name="log4jmachinename" value="DESKTOP-RLA3VAF" /></log4j:properties></log4j:event>
<log4j:event logger="" level="INFO" timestamp="1490473608462" thread="234"><log4j:message>{"correlationToken":"799971eb-d25e-4fd3-989e-4657f46c3d2c"}</log4j:message><log4j:locationInfo class="Vse.AdminkaV1.Injected.Logging.NLogLoggingAdapter" method="Void Input(System.DateTime, System.Object)" /><nlog:eventSequenceNumber>20</nlog:eventSequenceNumber><nlog:locationInfo assembly="AdminkaV1.Injected.NETFramework, Version=1.0.0.0, Culture=neutral, PublicKeyToken=null" /><nlog:properties><nlog:data name="CorrelationToken" value="0aa58437-a67a-4587-a123-b0554acf0a7d" /><nlog:data name="Namespace" value="Vse.AdminkaV1.Wcf" /><nlog:data name="Class" value="TraceService" /><nlog:data name="Member" value="GetTrace" /><nlog:data name="Title" value="TraceService.GetTrace; Vse.AdminkaV1.Wcf; 0aa58437-a67a-4587-a123-b0554acf0a7d" /><nlog:data name="Description" value="Input" /></nlog:properties><log4j:properties><log4j:data name="log4japp" value="false" /><log4j:data name="log4jmachinename" value="DESKTOP-RLA3VAF" /></log4j:properties></log4j:event>
<log4j:event logger="" level="ERROR" timestamp="1490559752351" thread="12"><log4j:message>###  Vse.AdminkaV1.UserContextException -    
UserContextException specific:   
   **Code**: USER   
```   
   at Vse.AdminkaV1.DataAccessEfCore.Services.TraceService.&lt;&gt;c.&lt;GetTrace&gt;b__2_0(AdminkaDbContext dbContext)  
   at Vse.AdminkaV1.DataAccessEfCore.AdminkaDbContextHandler.Handle[TOutput](Func`2 func)  
   at Vse.AdminkaV1.DataAccessEfCore.Services.TraceService.GetTrace(Guid correlationToken)  
   at Vse.AdminkaV1.Wcf.TraceService.&lt;&gt;c__DisplayClass0_0.&lt;GetTrace&gt;b__0(RoutineState`1 container, DataAccessFactory dataAccess) in D:\cot\Vse\AdminkaV1\Wcf\TraceService.cs:line 20  
   at Vse.AdminkaV1.Injected.AdminkaRoutine.&lt;&gt;c__DisplayClass15_0`1.&lt;Handle&gt;b__0(RoutineState`1 state) in D:\cot\Vse\AdminkaV1\Injected\AdminkaRoutine.cs:line 225  
   at Vse.Routines.Injected.Routine`1.&lt;&gt;c__DisplayClass6_0`1.&lt;Handle&gt;b__0()  
   at Vse.Routines.Injected.ExceptionHandler.Handle(Action action, Action onFailure)   
```   
</log4j:message><log4j:locationInfo class="Vse.AdminkaV1.Injected.Logging.NLogLoggingAdapter" method="Void LogException(System.DateTime, System.Exception)" /><nlog:eventSequenceNumber>11</nlog:eventSequenceNumber><nlog:locationInfo assembly="AdminkaV1.Injected.NETFramework, Version=1.0.0.0, Culture=neutral, PublicKeyToken=null" /><nlog:properties><nlog:data name="CorrelationToken" value="8626b370-b439-486e-b804-1a05302149a2" /><nlog:data name="Namespace" value="Vse.AdminkaV1.Wcf" /><nlog:data name="Class" value="TraceService" /><nlog:data name="Member" value="GetTrace" /><nlog:data name="Title" value="TraceService.GetTrace; Vse.AdminkaV1.Wcf; 8626b370-b439-486e-b804-1a05302149a2" /><nlog:data name="Description" value="Exception" /></nlog:properties><log4j:properties><log4j:data name="log4japp" value="false" /><log4j:data name="log4jmachinename" value="DESKTOP-RLA3VAF" /></log4j:properties></log4j:event>
<log4j:event logger="" level="INFO" timestamp="1490559752187" thread="12"><log4j:message>{"correlationToken":"e416f688-7338-43d6-af5e-04c4eb4589ff"}</log4j:message><log4j:locationInfo class="Vse.AdminkaV1.Injected.Logging.NLogLoggingAdapter" method="Void Input(System.DateTime, System.Object)" /><nlog:eventSequenceNumber>12</nlog:eventSequenceNumber><nlog:locationInfo assembly="AdminkaV1.Injected.NETFramework, Version=1.0.0.0, Culture=neutral, PublicKeyToken=null" /><nlog:properties><nlog:data name="CorrelationToken" value="8626b370-b439-486e-b804-1a05302149a2" /><nlog:data name="Namespace" value="Vse.AdminkaV1.Wcf" /><nlog:data name="Class" value="TraceService" /><nlog:data name="Member" value="GetTrace" /><nlog:data name="Title" value="TraceService.GetTrace; Vse.AdminkaV1.Wcf; 8626b370-b439-486e-b804-1a05302149a2" /><nlog:data name="Description" value="Input" /></nlog:properties><log4j:properties><log4j:data name="log4japp" value="false" /><log4j:data name="log4jmachinename" value="DESKTOP-RLA3VAF" /></log4j:properties></log4j:event>
<log4j:event logger="" level="ERROR" timestamp="1490570006700" thread="13"><log4j:message>###  Vse.AdminkaV1.UserContextException -    
UserContextException specific:   
   **Code**: USER   
```   
   at Vse.AdminkaV1.DataAccessEfCore.Services.TraceService.&lt;&gt;c.&lt;GetTrace&gt;b__2_0(AdminkaDbContext dbContext)  
   at Vse.AdminkaV1.DataAccessEfCore.AdminkaDbContextHandler.Handle[TOutput](Func`2 func)  
   at Vse.AdminkaV1.DataAccessEfCore.Services.TraceService.GetTrace(Guid correlationToken)  
   at Vse.AdminkaV1.Wcf.TraceService.&lt;&gt;c__DisplayClass0_0.&lt;GetTrace&gt;b__0(RoutineState`1 container, DataAccessFactory dataAccess) in D:\cot\Vse\AdminkaV1\Wcf\TraceService.cs:line 20  
   at Vse.AdminkaV1.Injected.AdminkaRoutine.&lt;&gt;c__DisplayClass15_0`1.&lt;Handle&gt;b__0(RoutineState`1 state) in D:\cot\Vse\AdminkaV1\Injected\AdminkaRoutine.cs:line 225  
   at Vse.Routines.Injected.Routine`1.&lt;&gt;c__DisplayClass6_0`1.&lt;Handle&gt;b__0()  
   at Vse.Routines.Injected.ExceptionHandler.Handle(Action action, Action onFailure)   
```   
</log4j:message><log4j:locationInfo class="Vse.AdminkaV1.Injected.Logging.NLogLoggingAdapter" method="Void LogException(System.DateTime, System.Exception)" /><nlog:eventSequenceNumber>11</nlog:eventSequenceNumber><nlog:locationInfo assembly="AdminkaV1.Injected.NETFramework, Version=1.0.0.0, Culture=neutral, PublicKeyToken=null" /><nlog:properties><nlog:data name="CorrelationToken" value="33f931de-58ba-468b-a892-9c3548504147" /><nlog:data name="Namespace" value="Vse.AdminkaV1.Wcf" /><nlog:data name="Class" value="TraceService" /><nlog:data name="Member" value="GetTrace" /><nlog:data name="Title" value="TraceService.GetTrace; Vse.AdminkaV1.Wcf; 33f931de-58ba-468b-a892-9c3548504147" /><nlog:data name="Description" value="Exception" /></nlog:properties><log4j:properties><log4j:data name="log4japp" value="false" /><log4j:data name="log4jmachinename" value="DESKTOP-RLA3VAF" /></log4j:properties></log4j:event>
<log4j:event logger="" level="INFO" timestamp="1490570006434" thread="13"><log4j:message>{"correlationToken":"9356f31c-13d7-4433-8c37-98fc0a34b3f1"}</log4j:message><log4j:locationInfo class="Vse.AdminkaV1.Injected.Logging.NLogLoggingAdapter" method="Void Input(System.DateTime, System.Object)" /><nlog:eventSequenceNumber>12</nlog:eventSequenceNumber><nlog:locationInfo assembly="AdminkaV1.Injected.NETFramework, Version=1.0.0.0, Culture=neutral, PublicKeyToken=null" /><nlog:properties><nlog:data name="CorrelationToken" value="33f931de-58ba-468b-a892-9c3548504147" /><nlog:data name="Namespace" value="Vse.AdminkaV1.Wcf" /><nlog:data name="Class" value="TraceService" /><nlog:data name="Member" value="GetTrace" /><nlog:data name="Title" value="TraceService.GetTrace; Vse.AdminkaV1.Wcf; 33f931de-58ba-468b-a892-9c3548504147" /><nlog:data name="Description" value="Input" /></nlog:properties><log4j:properties><log4j:data name="log4japp" value="false" /><log4j:data name="log4jmachinename" value="DESKTOP-RLA3VAF" /></log4j:properties></log4j:event>
<log4j:event logger="" level="ERROR" timestamp="1490571355822" thread="42"><log4j:message>###  Vse.AdminkaV1.UserContextException -    
UserContextException specific:   
   **Code**: USER   
```   
   at Vse.AdminkaV1.DataAccessEfCore.Services.TraceService.&lt;&gt;c.&lt;GetTrace&gt;b__2_0(AdminkaDbContext dbContext)  
   at Vse.AdminkaV1.DataAccessEfCore.AdminkaDbContextHandler.Handle[TOutput](Func`2 func)  
   at Vse.AdminkaV1.DataAccessEfCore.Services.TraceService.GetTrace(Guid correlationToken)  
   at Vse.AdminkaV1.Wcf.TraceService.&lt;&gt;c__DisplayClass0_0.&lt;GetTrace&gt;b__0(RoutineState`1 container, DataAccessFactory dataAccess) in D:\cot\Vse\AdminkaV1\Wcf\TraceService.cs:line 20  
   at Vse.AdminkaV1.Injected.AdminkaRoutine.&lt;&gt;c__DisplayClass15_0`1.&lt;Handle&gt;b__0(RoutineState`1 state) in D:\cot\Vse\AdminkaV1\Injected\AdminkaRoutine.cs:line 225  
   at Vse.Routines.Injected.Routine`1.&lt;&gt;c__DisplayClass6_0`1.&lt;Handle&gt;b__0()  
   at Vse.Routines.Injected.ExceptionHandler.Handle(Action action, Action onFailure)   
```   
</log4j:message><log4j:locationInfo class="Vse.AdminkaV1.Injected.Logging.NLogLoggingAdapter" method="Void LogException(System.DateTime, System.Exception)" /><nlog:eventSequenceNumber>11</nlog:eventSequenceNumber><nlog:locationInfo assembly="AdminkaV1.Injected.NETFramework, Version=1.0.0.0, Culture=neutral, PublicKeyToken=null" /><nlog:properties><nlog:data name="CorrelationToken" value="efbcdf39-dfd6-4aba-a11b-cab7ec195539" /><nlog:data name="Namespace" value="Vse.AdminkaV1.Wcf" /><nlog:data name="Class" value="TraceService" /><nlog:data name="Member" value="GetTrace" /><nlog:data name="Title" value="TraceService.GetTrace; Vse.AdminkaV1.Wcf; efbcdf39-dfd6-4aba-a11b-cab7ec195539" /><nlog:data name="Description" value="Exception" /></nlog:properties><log4j:properties><log4j:data name="log4japp" value="false" /><log4j:data name="log4jmachinename" value="DESKTOP-RLA3VAF" /></log4j:properties></log4j:event>
<log4j:event logger="" level="INFO" timestamp="1490571355725" thread="42"><log4j:message>{"correlationToken":"22e38876-1745-40cf-b539-b7d5d291cd0b"}</log4j:message><log4j:locationInfo class="Vse.AdminkaV1.Injected.Logging.NLogLoggingAdapter" method="Void Input(System.DateTime, System.Object)" /><nlog:eventSequenceNumber>12</nlog:eventSequenceNumber><nlog:locationInfo assembly="AdminkaV1.Injected.NETFramework, Version=1.0.0.0, Culture=neutral, PublicKeyToken=null" /><nlog:properties><nlog:data name="CorrelationToken" value="efbcdf39-dfd6-4aba-a11b-cab7ec195539" /><nlog:data name="Namespace" value="Vse.AdminkaV1.Wcf" /><nlog:data name="Class" value="TraceService" /><nlog:data name="Member" value="GetTrace" /><nlog:data name="Title" value="TraceService.GetTrace; Vse.AdminkaV1.Wcf; efbcdf39-dfd6-4aba-a11b-cab7ec195539" /><nlog:data name="Description" value="Input" /></nlog:properties><log4j:properties><log4j:data name="log4japp" value="false" /><log4j:data name="log4jmachinename" value="DESKTOP-RLA3VAF" /></log4j:properties></log4j:event>
<log4j:event logger="" level="ERROR" timestamp="1490608380415" thread="12"><log4j:message>###  Vse.AdminkaV1.UserContextException -    
UserContextException specific:   
   **Code**: USER   
```   
   at Vse.AdminkaV1.DataAccessEfCore.Services.TraceService.&lt;&gt;c.&lt;GetTrace&gt;b__2_0(AdminkaDbContext dbContext)  
   at Vse.AdminkaV1.DataAccessEfCore.AdminkaDbContextHandler.Handle[TOutput](Func`2 func)  
   at Vse.AdminkaV1.DataAccessEfCore.Services.TraceService.GetTrace(Guid correlationToken)  
   at Vse.AdminkaV1.Wcf.TraceService.&lt;&gt;c__DisplayClass0_0.&lt;GetTrace&gt;b__0(RoutineState`1 container, DataAccessFactory dataAccess) in D:\cot\Vse\AdminkaV1\Wcf\TraceService.cs:line 20  
   at Vse.AdminkaV1.Injected.AdminkaRoutine.&lt;&gt;c__DisplayClass15_0`1.&lt;Handle&gt;b__0(RoutineState`1 state) in D:\cot\Vse\AdminkaV1\Injected\AdminkaRoutine.cs:line 225  
   at Vse.Routines.Injected.Routine`1.&lt;&gt;c__DisplayClass6_0`1.&lt;Handle&gt;b__0()  
   at Vse.Routines.Injected.ExceptionHandler.Handle(Action action, Action onFailure)   
```   
</log4j:message><log4j:locationInfo class="Vse.AdminkaV1.Injected.Logging.NLogLoggingAdapter" method="Void LogException(System.DateTime, System.Exception)" /><nlog:eventSequenceNumber>11</nlog:eventSequenceNumber><nlog:locationInfo assembly="AdminkaV1.Injected.NETFramework, Version=1.0.0.0, Culture=neutral, PublicKeyToken=null" /><nlog:properties><nlog:data name="CorrelationToken" value="da3f97f7-fe1f-45aa-9ddb-49086027dd58" /><nlog:data name="Namespace" value="Vse.AdminkaV1.Wcf" /><nlog:data name="Class" value="TraceService" /><nlog:data name="Member" value="GetTrace" /><nlog:data name="Title" value="TraceService.GetTrace; Vse.AdminkaV1.Wcf; da3f97f7-fe1f-45aa-9ddb-49086027dd58" /><nlog:data name="Description" value="Exception" /></nlog:properties><log4j:properties><log4j:data name="log4japp" value="false" /><log4j:data name="log4jmachinename" value="DESKTOP-RLA3VAF" /></log4j:properties></log4j:event>
<log4j:event logger="" level="INFO" timestamp="1490608380243" thread="12"><log4j:message>{"correlationToken":"03f770d8-5f18-4726-a636-783cfdd66487"}</log4j:message><log4j:locationInfo class="Vse.AdminkaV1.Injected.Logging.NLogLoggingAdapter" method="Void Input(System.DateTime, System.Object)" /><nlog:eventSequenceNumber>12</nlog:eventSequenceNumber><nlog:locationInfo assembly="AdminkaV1.Injected.NETFramework, Version=1.0.0.0, Culture=neutral, PublicKeyToken=null" /><nlog:properties><nlog:data name="CorrelationToken" value="da3f97f7-fe1f-45aa-9ddb-49086027dd58" /><nlog:data name="Namespace" value="Vse.AdminkaV1.Wcf" /><nlog:data name="Class" value="TraceService" /><nlog:data name="Member" value="GetTrace" /><nlog:data name="Title" value="TraceService.GetTrace; Vse.AdminkaV1.Wcf; da3f97f7-fe1f-45aa-9ddb-49086027dd58" /><nlog:data name="Description" value="Input" /></nlog:properties><log4j:properties><log4j:data name="log4japp" value="false" /><log4j:data name="log4jmachinename" value="DESKTOP-RLA3VAF" /></log4j:properties></log4j:event>
<log4j:event logger="" level="ERROR" timestamp="1490609927526" thread="41"><log4j:message>###  Vse.AdminkaV1.UserContextException -    
UserContextException specific:   
   **Code**: USER   
```   
   at Vse.AdminkaV1.DataAccessEfCore.Services.TraceService.&lt;&gt;c.&lt;GetTrace&gt;b__2_0(AdminkaDbContext dbContext)  
   at Vse.AdminkaV1.DataAccessEfCore.AdminkaDbContextHandler.Handle[TOutput](Func`2 func)  
   at Vse.AdminkaV1.DataAccessEfCore.Services.TraceService.GetTrace(Guid correlationToken)  
   at Vse.AdminkaV1.Wcf.TraceService.&lt;&gt;c__DisplayClass0_0.&lt;GetTrace&gt;b__0(RoutineState`1 container, DataAccessFactory dataAccess) in D:\cot\Vse\AdminkaV1\Wcf\TraceService.cs:line 20  
   at Vse.AdminkaV1.Injected.AdminkaRoutine.&lt;&gt;c__DisplayClass15_0`1.&lt;Handle&gt;b__0(RoutineState`1 state) in D:\cot\Vse\AdminkaV1\Injected\AdminkaRoutine.cs:line 225  
   at Vse.Routines.Injected.Routine`1.&lt;&gt;c__DisplayClass6_0`1.&lt;Handle&gt;b__0()  
   at Vse.Routines.Injected.ExceptionHandler.Handle(Action action, Action onFailure)   
```   
</log4j:message><log4j:locationInfo class="Vse.AdminkaV1.Injected.Logging.NLogLoggingAdapter" method="Void LogException(System.DateTime, System.Exception)" /><nlog:eventSequenceNumber>11</nlog:eventSequenceNumber><nlog:locationInfo assembly="AdminkaV1.Injected.NETFramework, Version=1.0.0.0, Culture=neutral, PublicKeyToken=null" /><nlog:properties><nlog:data name="CorrelationToken" value="d868bda7-811a-403c-a3a3-3d44c8a664a6" /><nlog:data name="Namespace" value="Vse.AdminkaV1.Wcf" /><nlog:data name="Class" value="TraceService" /><nlog:data name="Member" value="GetTrace" /><nlog:data name="Title" value="TraceService.GetTrace; Vse.AdminkaV1.Wcf; d868bda7-811a-403c-a3a3-3d44c8a664a6" /><nlog:data name="Description" value="Exception" /></nlog:properties><log4j:properties><log4j:data name="log4japp" value="false" /><log4j:data name="log4jmachinename" value="DESKTOP-RLA3VAF" /></log4j:properties></log4j:event>
<log4j:event logger="" level="INFO" timestamp="1490609927422" thread="41"><log4j:message>{"correlationToken":"ec495e21-9ec4-4929-8efa-07fdc3fc8dc8"}</log4j:message><log4j:locationInfo class="Vse.AdminkaV1.Injected.Logging.NLogLoggingAdapter" method="Void Input(System.DateTime, System.Object)" /><nlog:eventSequenceNumber>12</nlog:eventSequenceNumber><nlog:locationInfo assembly="AdminkaV1.Injected.NETFramework, Version=1.0.0.0, Culture=neutral, PublicKeyToken=null" /><nlog:properties><nlog:data name="CorrelationToken" value="d868bda7-811a-403c-a3a3-3d44c8a664a6" /><nlog:data name="Namespace" value="Vse.AdminkaV1.Wcf" /><nlog:data name="Class" value="TraceService" /><nlog:data name="Member" value="GetTrace" /><nlog:data name="Title" value="TraceService.GetTrace; Vse.AdminkaV1.Wcf; d868bda7-811a-403c-a3a3-3d44c8a664a6" /><nlog:data name="Description" value="Input" /></nlog:properties><log4j:properties><log4j:data name="log4japp" value="false" /><log4j:data name="log4jmachinename" value="DESKTOP-RLA3VAF" /></log4j:properties></log4j:event>
