<log4j:event logger="" level="ERROR" timestamp="1501193595407" thread="10"><log4j:message>###  DashboardCode.AdminkaV1.UserContextException -    
UserContextException specific:   
   **Code**: USER   
```   
   at DashboardCode.AdminkaV1.DataAccessEfCore.Services.TraceService.&lt;&gt;c.&lt;GetTrace&gt;b__2_0(AdminkaDbContext dbContext) in D:\cot\DashboardCode\Routines\AdminkaV1\DataAccessEfCore\Services\TraceService.cs:line 19  
   at DashboardCode.AdminkaV1.DataAccessEfCore.AdminkaDbContextHandler.Handle[TOutput](Func`2 func) in D:\cot\DashboardCode\Routines\AdminkaV1\DataAccessEfCore\AdminkaDbContextHandler.cs:line 43  
   at DashboardCode.AdminkaV1.DataAccessEfCore.Services.TraceService.GetTrace(Guid correlationToken) in D:\cot\DashboardCode\Routines\AdminkaV1\DataAccessEfCore\Services\TraceService.cs:line 16  
   at DashboardCode.AdminkaV1.WcfService.TraceService.&lt;&gt;c__DisplayClass0_0.&lt;GetTrace&gt;b__0(RoutineState`1 container, DataAccessFactory dataAccess) in D:\cot\DashboardCode\Routines\AdminkaV1\WcfService\TraceService.svc.cs:line 20  
   at DashboardCode.AdminkaV1.Injected.AdminkaRoutine.&lt;&gt;c__DisplayClass15_0`1.&lt;Handle&gt;b__0(RoutineState`1 state) in D:\cot\DashboardCode\Routines\AdminkaV1\Injected\AdminkaRoutine.cs:line 225  
   at DashboardCode.Routines.Injected.Routine`1.&lt;&gt;c__DisplayClass6_0`1.&lt;Handle&gt;b__0() in D:\cot\DashboardCode\Routines\Routines\Injected\Routine.cs:line 41  
   at DashboardCode.Routines.Injected.ExceptionHandler.Handle(Action action, Action onFailure) in D:\cot\DashboardCode\Routines\Routines\Injected\ExceptionHandler.cs:line 24   
```   
</log4j:message><log4j:locationInfo class="DashboardCode.AdminkaV1.Injected.Logging.NLogLoggingAdapter" method="Void LogException(System.DateTime, System.Exception)" /><nlog:eventSequenceNumber>11</nlog:eventSequenceNumber><nlog:locationInfo assembly="DashboardCode.AdminkaV1.Injected.NETFramework, Version=1.0.0.0, Culture=neutral, PublicKeyToken=null" /><nlog:properties><nlog:data name="CorrelationToken" value="4202f3b3-9667-42be-899a-21a40876930f" /><nlog:data name="Namespace" value="DashboardCode.AdminkaV1.WcfService" /><nlog:data name="Type" value="TraceService" /><nlog:data name="Member" value="GetTrace" /><nlog:data name="Title" value="TraceService.GetTrace; DashboardCode.AdminkaV1.WcfService; 4202f3b3-9667-42be-899a-21a40876930f" /><nlog:data name="Description" value="Exception" /></nlog:properties><log4j:properties><log4j:data name="log4japp" value="false" /><log4j:data name="log4jmachinename" value="DESKTOP-RLA3VAF" /></log4j:properties></log4j:event>
<log4j:event logger="" level="INFO" timestamp="1501193595201" thread="10"><log4j:message>{"correlationToken":"79a25fcf-ba7e-44b1-b46b-11c91ee577cb"}</log4j:message><log4j:locationInfo class="DashboardCode.AdminkaV1.Injected.Logging.NLogLoggingAdapter" method="Void Input(System.DateTime, System.Object)" /><nlog:eventSequenceNumber>12</nlog:eventSequenceNumber><nlog:locationInfo assembly="DashboardCode.AdminkaV1.Injected.NETFramework, Version=1.0.0.0, Culture=neutral, PublicKeyToken=null" /><nlog:properties><nlog:data name="CorrelationToken" value="4202f3b3-9667-42be-899a-21a40876930f" /><nlog:data name="Namespace" value="DashboardCode.AdminkaV1.WcfService" /><nlog:data name="Type" value="TraceService" /><nlog:data name="Member" value="GetTrace" /><nlog:data name="Title" value="TraceService.GetTrace; DashboardCode.AdminkaV1.WcfService; 4202f3b3-9667-42be-899a-21a40876930f" /><nlog:data name="Description" value="Input" /></nlog:properties><log4j:properties><log4j:data name="log4japp" value="false" /><log4j:data name="log4jmachinename" value="DESKTOP-RLA3VAF" /></log4j:properties></log4j:event>
